nome,preco,unidade,unidade_original,taco_codigo,taco_nome,similaridade,calorias,carboidratos,proteinas,gorduras,gorduras_saturadas,gorduras_trans,fibra,sodio
ABACATE,5.999999999999999,KG,Kilo,163,"Abacate, cru",0.6611,96.1547086956522,6.0308695652173965,1.2391304347826086,8.396666666666667,0.0,0,14.683333333333332,0.0
ABACAXI,8.299999999999999,KG,Kilo,164,"Abacaxi, cru",0.6611,48.32221304347824,12.33463768115941,0.8586956521739131,0.12333333333333334,0.0,0,18.44,0.0
ABÓBORA CABOTIÃ,5.0,KG,Kilo,65,"Abóbora, cabotian, crua",0.5417,38.59929420289856,8.360289855072468,1.7463768115942029,0.5366666666666667,0.0,0,8.82,0.0
abobora paulista,4.49,KG,Kilo,65,"Abóbora, cabotian, crua",0.65,38.59929420289856,8.360289855072468,1.7463768115942029,0.5366666666666667,0.0,0,8.82,0.0
ABOBRINHA,11.899999999999999,KG,Kilo,71,"Abobrinha, italiana, crua",0.4838,19.279126086956484,4.292028985507236,1.141304347826087,0.14,0.0,0,19.946666666666662,0.0
ABOBRINHA ITALIANA,6.99,KG,Kilo,71,"Abobrinha, italiana, crua",0.8132,19.279126086956484,4.292028985507236,1.141304347826087,0.14,0.0,0,19.946666666666662,0.0
AÇAFRÃO (FLOR DE AÇAFRÃO),40.0,KG,Kilo,,Sem equivalente TACO confiavel,0,0,0,0,0,0,0,0,0
AÇAFRÃO DA TERRA (SEM MISTURA)=CURCUMA,133.0,KG,Kilo,,Sem equivalente TACO confiavel,0,0,0,0,0,0,0,0,0
ACELGA 150g,53.3,KG,Kilo,74,"Acelga, crua",0.6453,20.942342499999942,4.630916666666657,1.44375,0.106,0.0,0,10.395333333333333,1.1806666666666668
ACÉM COM OSSO,24.99,KG,Kilo,373,"Carne, bovina, paleta, com gordura, crua",0.75,158.7099,0.0,21.41,7.46,58.26166666666666,0,14.15,64.9
ACEROLA,2.9999999999999996,KG,Kilo,169,"Acerola, crua",0.6521,33.46227000000003,7.966416666666672,0.90625,0.20766666666666667,0.0,0,13.133333333333335,0.0
AÇUCAR CRISTAL 5KG,3.4899999999999998,KG,kILO,492,"Açúcar, cristal",1.0,386.84572399999996,99.61,0.32,0.0,0.0,0,1.0066666666666668,0.0
AÇUCAR DE CÔCO,45.0,KG,Kilo,493,"Açúcar, mascavo",0.5267,368.55482252438867,94.45,0.7583333333333333,0.09200000000000001,0.0,0,79.94666666666667,25.203999999999997
AÇUCAR DEMERARA,9.29,KG,Kilo,493,"Açúcar, mascavo",0.5115,368.55482252438867,94.45,0.7583333333333333,0.09200000000000001,0.0,0,79.94666666666667,25.203999999999997
AÇUCAR MASCAVO,13.899999999999999,KG,Kilo,493,"Açúcar, mascavo",1.0,368.55482252438867,94.45,0.7583333333333333,0.09200000000000001,0.0,0,79.94666666666667,25.203999999999997
ADESIVOS MARMITAS 5X10CM C/300UNDS,120.0,UN,Cartela,,Sem equivalente TACO confiavel,0,0,0,0,0,0,0,0,0
ADESIVOS REDONDO SALADAS 7CM C/300UNDS,118.0,UN,Cartela,,Sem equivalente TACO confiavel,0,0,0,0,0,0,0,0,0
ADESIVOS REDONDOS SOPAS 7CM C/300UNDS,118.0,UN,Cartela,,Sem equivalente TACO confiavel,0,0,0,0,0,0,0,0,0
ADESIVOS SUCO 4X8CM C/300UNDS,77.0,UN,Cartela,,Sem equivalente TACO confiavel,0,0,0,0,0,0,0,0,0
ADOÇANTE ERITRITOL,79.0,KG,Kilo,,Sem equivalente TACO confiavel,0,0,0,0,0,0,0,0,0
ADOÇANTE STÉVIA REFINADA,200.0,KG,Kilo,,Sem equivalente TACO confiavel,0,0,0,0,0,0,0,0,0
ADOÇANTE XILITOL,57.99999999999999,KG,Kilo,,Sem equivalente TACO confiavel,0,0,0,0,0,0,0,0,0
AGRIÃO 150g,41.5,KG,Kilo,75,"Agrião, cru",0.655,16.578801449275325,2.2515942028985423,2.6884057971014492,0.23666666666666666,0.0,0,18.16333333333333,7.4623333333333335
AGUA FILTRADA 20l,10.0,KG,Kilo,,Sem equivalente TACO confiavel,0,0,0,0,0,0,0,0,0
ALECRIM,40.0,KG,Kilo,,Sem equivalente TACO confiavel,0,0,0,0,0,0,0,0,0
ALFACE AMERICANA,25.0,KG,Kilo,77,"Alface, americana, crua",0.8103,8.794903236866052,1.7453333333333474,0.6083333333333334,0.129,0.0,0,5.7366666666666655,7.308333333333333
ALFACE CRESPA,25.0,KG,Kilo,78,"Alface, crespa, crua",0.8045,10.68085652173921,1.6955072463768253,1.3478260869565217,0.16,0.0,0,10.97,3.38
ALFACE ROMANA,25.0,KG,Kilo,80,"Alface, roxa, crua",0.5043,12.716997363467993,2.4934166666666613,0.90625,0.19166666666666665,0.0,0,9.311,7.124333333333333
ALFACE ROXA,64.89999999999999,KG,Kilo,80,"Alface, roxa, crua",0.7993,12.716997363467993,2.4934166666666613,0.90625,0.19166666666666665,0.0,0,9.311,7.124333333333333
ALHO 65g,29.9,KG,Kilo,82,"Alho, cru",0.6367,113.12987826086957,23.905797101449277,7.010869565217391,0.22,0.0,0,21.293333333333333,5.36
ALHO DESITRATADO,40.0,KG,Kilo,,Sem equivalente TACO confiavel,0,0,0,0,0,0,0,0,0
ALHO EM PÓ,30.0,KG,Kilo,82,"Alho, cru",0.5,113.12987826086957,23.905797101449277,7.010869565217391,0.22,0.0,0,21.293333333333333,5.36
ALHO PORÓ,43.6,KG,Kilo,83,"Alho-poró, cru",0.8,31.5079193532467,6.878166666666669,1.4125,0.1396666666666667,0.0,0,10.694666666666668,1.7623333333333333
AMARANTO EM FLOCOS,52.0,KG,Kilo,,Sem equivalente TACO confiavel,0,0,0,0,0,0,0,0,0
AMEIXA SECA E SEM CAROÇO 309g,75.99999999999999,KG,Kilo,172,"Ameixa, crua",0.4353,52.54248260869565,13.851594202898553,0.7717391304347826,0.0,0.0,0,5.476666666666667,0.0
AMENDOAS CRUAS,60.0,KG,Kilo,,Sem equivalente TACO confiavel,0,0,0,0,0,0,0,0,0
AMENDOIM PREMIUM TORRADO SEM SAL,22.999999999999996,KG,Kilo,558,"Amendoim, torrado, salgado",0.5846,605.7810929170192,18.702486509641012,22.475180157025655,53.96333333333334,0.0,0,159.33633333333333,375.7326666666666
AMIDO DE MILHO,9.899999999999999,KG,Kilo,42,"Milho, amido, cru",0.6215,361.36682387826096,87.14884391304349,0.5978260869565217,0.0,0.0,0,3.0276666666666667,8.083
AMORA,82.89999999999999,KG,Kilo,,Sem equivalente TACO confiavel,0,0,0,0,0,0,0,0,0
ARARUTA,80.0,KG,Kilo,,Sem equivalente TACO confiavel,0,0,0,0,0,0,0,0,0
Arroz amarelinho 350g (vegana),6.6571428571428575,KG,Kilo,526,Arroz carreteiro,0.5104,153.772,11.584833333333329,10.829166666666667,7.124,36.08866666666666,0,9.290666666666667,1621.728
ARROZ ARBÓREO,25.0,KG,Kilo,526,Arroz carreteiro,0.546,153.772,11.584833333333329,10.829166666666667,7.124,36.08866666666666,0,9.290666666666667,1621.728
ARROZ BASMATI INDIANO,33.32,KG,Kilo,,Sem equivalente TACO confiavel,0,0,0,0,0,0,0,0,0
ARROZ BRANCO,4.3999999999999995,KG,Kilo,3,"Arroz, tipo 1, cozido",0.5,128.25848566666664,28.059849999999994,2.5208166666666667,0.22699999999999998,0.0,0,2.2533333333333334,1.2006666666666665
ARROZ CATETO,17.0,KG,Kilo,526,Arroz carreteiro,0.5595,153.772,11.584833333333329,10.829166666666667,7.124,36.08866666666666,0,9.290666666666667,1621.728
ARROZ INTEGRAL,5.69,KG,Kilo,2,"Arroz, integral, cru",0.8125,359.6780020326088,77.45071413043479,7.323285869565217,1.8648333333333333,0.0,0,109.71,1.6456666666666666
ARROZ PARBOLIZADO,8.79,KG,Kilo,3,"Arroz, tipo 1, cozido",0.5115,128.25848566666664,28.059849999999994,2.5208166666666667,0.22699999999999998,0.0,0,2.2533333333333334,1.2006666666666665
ASPARGO 250g,67.6,KG,Kilo,,Sem equivalente TACO confiavel,0,0,0,0,0,0,0,0,0
ATUM DRENADO (SEMPRE EM ÓLEO) 120g,52.9,KG,Kilo,278,"Atum, fresco, cru",0.4213,117.50099999999998,0.0,25.68,0.87,47.8,0,32.22666666666667,30.30333333333333
AVEIA DECASCADA,10.5,KG,Kilo,,Sem equivalente TACO confiavel,0,0,0,0,0,0,0,0,0
AVEIA EM FLOCOS FINOS Nº 3,9.0,KG,Kilo,7,"Aveia, flocos, crua",0.5421,393.82268944927546,66.63564057971016,13.921026086956523,8.496666666666666,0.0,0,118.76233333333333,4.626666666666667
AZEITE DE OLIVA 500ml,55.99999999999999,KG,Kilo,260,"Azeite, de oliva, extra virgem",0.7903,884.0,0.0,0.0,100.0,0.0,0,0.0,0.0
AZEITE DE DENDE 100ml,124.89999999999999,KG,Kilo,259,"Azeite, de dendê",1.0,884.0,0.0,0.0,100.0,0.0,0,0.0,0.0
AZEITONA COM CAROÇO,35.0,KG,Kilo,520,"Azeitona, preta, conserva",0.4408,194.1538470209837,5.544500000000004,1.1625,20.345,0.0,0,4.762,1566.661
Bacon Saudavel 1Kg,29.9,KG,Kilo,,Sem equivalente TACO confiavel,0,0,0,0,0,0,0,0,0
BANANA VERDE NANICA 200g,9.99,KG,Kilo,179,"Banana, nanica, crua",0.6014,91.52884782608696,23.848115942028986,1.3985507246376814,0.11666666666666665,0.0,0,27.796666666666663,0.0
BANDEJA MICROONDAS 500ML G-306 GALVONETEK CX C/100UNDS,81.55,KG,Pacote,,Sem equivalente TACO confiavel,0,0,0,0,0,0,0,0,0
BANHA SUINA 500G,32.0,KG,Kilo,,Sem equivalente TACO confiavel,0,0,0,0,0,0,0,0,0
BATATA ASTERIX 330g,5.699999999999999,KG,Kilo,94,"Batata, inglesa, sauté",0.4485,67.88793615063032,14.093000000000005,1.2916666666666667,0.8963333333333333,0.0,0,6.456333333333333,8.182
BATATA DOCÊ ORGANICA 500g,4.99,KG,Kilo,89,"Batata, doce, crua",0.7993,118.24137536231882,28.19608695652174,1.257246376811594,0.13333333333333333,0.0,0,16.893333333333334,8.773333333333333
BATATA INGLESA,9.99,KG,Kilo,92,"Batata, inglesa, crua",0.8067,64.3702260869565,14.688260869565212,1.7717391304347823,0.0,0.0,0,14.58,0.0
BATATA ROSA DOCÊ 515g,8.0,KG,Kilo,89,"Batata, doce, crua",0.5938,118.24137536231882,28.19608695652174,1.257246376811594,0.13333333333333333,0.0,0,16.893333333333334,8.773333333333333
BERINJELA 381g,11.899999999999999,KG,Kilo,96,"Berinjela, crua",0.6622,19.62775362318839,4.428985507246369,1.221014492753623,0.1,0.0,0,12.913333333333332,0.0
BETERRABA 355g,5.999999999999999,KG,Kilo,98,"Beterraba, crua",0.6622,48.82850869565215,11.111014492753624,1.9456521739130435,0.09,0.0,0,24.433333333333337,9.72
BICARBONATO DE SÓDIO,11.999999999999998,KG,Kilo,,Sem equivalente TACO confiavel,0,0,0,0,0,0,0,0,0
Biomassa de Banana Verde 1Kg,8.0,KG,Kilo,,Sem equivalente TACO confiavel,0,0,0,0,0,0,0,0,0
BOUQUET GARNI 150g,67.13333333333334,KG,Kilo,,Sem equivalente TACO confiavel,0,0,0,0,0,0,0,0,0
BRÓCOLIS 250g,53.0,KG,Kilo,101,"Brócolis, cru",0.666,25.495131884057955,4.025072463768115,3.6449275362318847,0.26666666666666666,0.0,0,29.566666666666666,3.3333333333333335
CACAU 100% BARRA,68.0,KG,Kilo,183,"Cacau, cru",0.5167,74.29148000000004,19.411166666666677,0.9541666666666665,0.144,0.0,0,24.616333333333333,0.7003333333333334
CACAU EM PÓ  80%,93.3,KG,Kilo,183,"Cacau, cru",0.5196,74.29148000000004,19.411166666666677,0.9541666666666665,0.144,0.0,0,24.616333333333333,0.7003333333333334
Cajú,24.0,KG,Kilo,186,"Caju, cru",0.6367,43.065068521739114,10.288988840579705,0.9710144927536233,0.33,0.0,0,10.11,2.966666666666667
CALDO DE LEGUMES NATURAL,15.0,KG,Kilo,448,"Iogurte, natural",0.4583,51.48953333333329,1.9166666666666603,4.0633333333333335,3.04,13.7775,0,11.253333333333332,51.61633333333333
CAMARÃO DESCASCADO 71/90 400g,115.0,KG,Kilo,531,Camarão à baiana,0.4792,100.78304300403595,3.1736666666666653,7.941666666666666,5.967666666666667,116.78233333333333,0,14.863999999999999,84.78666666666668
CAMOMILA,69.0,KG,Kilo,,Sem equivalente TACO confiavel,0,0,0,0,0,0,0,0,0
CANELA EM PÓ (SEM MISTURA),55.0,KG,Kilo,,Sem equivalente TACO confiavel,0,0,0,0,0,0,0,0,0
CAPIM CIDREIRA OU LIMÃO,39.0,KG,Kilo,,Sem equivalente TACO confiavel,0,0,0,0,0,0,0,0,0
CARÁ 958g,10.9,KG,Kilo,103,"Cará, cru",0.6367,95.6331347826087,22.954057971014496,2.282608695652174,0.1366666666666667,0.0,0,11.466666666666667,0.0
"Carne Moída Coringa 2,700Kg",37.69703703703704,KG,Kilo,,Sem equivalente TACO confiavel,0,0,0,0,0,0,0,0,0
"Carne seca Caseira 1,200Kg",66.98333333333335,KG,Kilo,385,"Carne, bovina, seca, crua",0.525,312.7484279036522,0.0,19.65833333333333,25.36666666666667,91.54666666666667,0,12.219666666666669,4439.55
Carne moída de soja muito saborosa 350g,25.171428571428574,KG,Kilo,,Sem equivalente TACO confiavel,0,0,0,0,0,0,0,0,0
Castanha de cajú w3,81.99999999999999,KG,kilo,588,"Castanha-de-caju, torrada, salgada",0.5111,570.167626501619,29.13496600055695,18.50936733277639,46.279666666666664,0.0,0,236.61,125.0
castanha,81.99999999999999,KG,Kilo,589,"Castanha-do-Brasil, crua",0.4857,642.9630716810693,15.078659898440039,14.536340101559956,63.459,0.0,0,365.1233333333334,0.6539999999999999
CASTANHA DO PARÁ LARGE,90.0,KG,Kilo,496,"Chocolate, ao leite, com castanha do Pará",0.4708,558.8763333333334,55.37683333333334,7.4125,34.191,15.501333333333333,0,79.566,64.05
CASTANHA DO PARÁ MÉDIA,60.0,KG,Kilo,496,"Chocolate, ao leite, com castanha do Pará",0.4708,558.8763333333334,55.37683333333334,7.4125,34.191,15.501333333333333,0,79.566,64.05
CASTANHA DO PARÁ QUEBRADA,52.0,KG,Kilo,496,"Chocolate, ao leite, com castanha do Pará",0.4549,558.8763333333334,55.37683333333334,7.4125,34.191,15.501333333333333,0,79.566,64.05
CATCHUP QUERO 200g,36.3,KG,Kilo,,Sem equivalente TACO confiavel,0,0,0,0,0,0,0,0,0
CAVALINHA,69.0,KG,Kilo,,Sem equivalente TACO confiavel,0,0,0,0,0,0,0,0,0
CEBOLA 258g,7.99,KG,Kilo,107,"Cebola, crua",0.6453,39.420046376811584,8.853188405797098,1.7101449275362322,0.08,0.0,0,11.91666667,0.5966666666666667
CEBOLA EM PÓ,35.0,KG,Kilo,107,"Cebola, crua",0.5167,39.420046376811584,8.853188405797098,1.7101449275362322,0.08,0.0,0,11.91666667,0.5966666666666667
CEBOLA ROXA 288g,9.0,KG,Kilo,107,"Cebola, crua",0.5758,39.420046376811584,8.853188405797098,1.7101449275362322,0.08,0.0,0,11.91666667,0.5966666666666667
CEBOLINHA 150g,33.4,KG,Kilo,108,"Cebolinha, crua",0.6622,19.515885507246438,3.370724637681165,1.865942028985507,0.35,0.0,0,24.593333333333334,1.6033333333333335
CENOURA 200g,12.9,KG,Kilo,110,"Cenoura, crua",0.6521,34.13538840579714,7.66,1.322463768115942,0.17333333333333334,0.0,0,11.226666666666667,3.3333333333333335
CHÁ DE CAPIM CIDREIRA CX COM 10 SACHES 10g = 200ml de agua cada sache,3.45,KG,Caixa,,Sem equivalente TACO confiavel,0,0,0,0,0,0,0,0,0
CHA VERDE (BANCHA),35.0,KG,Kilo,29,"Curau, milho verde",0.4327,78.43381831365585,13.944399957656858,2.3606000423431395,1.6369999999999998,4.742,0,15.961333333333334,20.512
CHA VERDE + CAPIM LIMÃO + ABACAXI 900ml,8.299999999999999,KG,Kilo,,Sem equivalente TACO confiavel,0,0,0,0,0,0,0,0,0
CHAMPIGNONS,64.89999999999999,KG,Kilo,,Sem equivalente TACO confiavel,0,0,0,0,0,0,0,0,0
CHEIRO VERDE,43.26666666666667,KG,Kilo,29,"Curau, milho verde",0.4353,78.43381831365585,13.944399957656858,2.3606000423431395,1.6369999999999998,4.742,0,15.961333333333334,20.512
CHIA (EXTRA BLACK),50.0,KG,Kilo,,Sem equivalente TACO confiavel,0,0,0,0,0,0,0,0,0
CHIMICHURRI ( SEM PIMENTA),319.5,KG,Kilo,,Sem equivalente TACO confiavel,0,0,0,0,0,0,0,0,0
CHOCOLATE AMARGO 70% barra,84.1,KG,Kilo,498,"Chocolate, meio amargo",0.6221,474.91776997327383,62.42288990116119,4.862443432172139,29.856666666666666,2.2203333333333335,0,107.36366666666667,8.866999999999999
CHOCOLATE AO LEITE BARRA,51.199999999999996,KG,Kilo,495,"Chocolate, ao leite",0.8033,539.5866666666667,59.576666666666675,7.22,30.26666666666667,16.5175,0,57.1,77.1
CHUCHU 494g,4.0,KG,Kilo,113,"Chuchu, cru",0.655,16.97891884057972,4.137391304347834,0.6992753623188407,0.06,0.0,0,7.226666666666667,0.0
CÔCO RALADO SEM  AÇUCAR GRANEL,31.99,KG,Kilo,,Sem equivalente TACO confiavel,0,0,0,0,0,0,0,0,0
CÔCO RALADO SEM AÇUCAR SOCOCO 100g,77.8,KG,Kilo,,Sem equivalente TACO confiavel,0,0,0,0,0,0,0,0,0
CÔCO SECO 700g,9.0,KG,Kilo,590,"Coco, cru",0.5196,406.4873531078099,10.401665876893027,3.69183412310697,41.976333333333336,0.0,0,51.4595,15.32
CÕCO VERDE  500ML SÓ DE AGUA,10.0,KG,Kilo,478,"Coco, água de",0.5833,21.50859424050649,5.284666666666672,0.0,0.0,0.0,0,5.158333333333334,1.782333333333333
COENTRO 30g,166.70000000000002,KG,Kilo,114,"Coentro, folhas desidratadas",0.4506,309.0707468044758,47.955,20.875,10.386666666666668,0.0,0,392.78833333333336,18.255333333333333
COGUMELOS 200g,14.0,KG,Kilo,,Sem equivalente TACO confiavel,0,0,0,0,0,0,0,0,0
COGUMELOS SHIMEJI 200g in natura,22.5,KG,Kilo,,Sem equivalente TACO confiavel,0,0,0,0,0,0,0,0,0
COLORAU,20.0,KG,Kilo,,Sem equivalente TACO confiavel,0,0,0,0,0,0,0,0,0
COMINHO 40G,6.99,KG,Kilo,,Sem equivalente TACO confiavel,0,0,0,0,0,0,0,0,0
COSTELINHA DE PORCO,22.799999999999997,KG,Kilo,,Sem equivalente TACO confiavel,0,0,0,0,0,0,0,0,0
COUVE 250g,19.96,KG,Kilo,117,"Couve-flor, crua",0.47,22.56334927536229,4.517536231884062,1.9057971014492752,0.21333333333333335,0.0,0,11.993333333333334,3.436666666666666
COUVE  FLOR 250g,15.84,KG,Kilo,117,"Couve-flor, crua",0.796,22.56334927536229,4.517536231884062,1.9057971014492752,0.21333333333333335,0.0,0,11.993333333333334,3.436666666666666
COXÃO MOLE,37.99,KG,Kilo,504,Maria mole,0.4667,301.2358875369997,73.55348320229848,3.8128501310348506,0.19,0.0,0,6.886666666666667,15.309333333333333
COXA SOLTEIRA,11.9,KG,kILO,,Sem equivalente TACO confiavel,0,0,0,0,0,0,0,0,0
COUSCOUS ITALIANO DIVELLA CAIXA 500g,28.0,KG,Kilo,,Sem equivalente TACO confiavel,0,0,0,0,0,0,0,0,0
CRAVO DA INDIA,119.0,KG,Kilo,,Sem equivalente TACO confiavel,0,0,0,0,0,0,0,0,0
Cream Cheese 150g,56.6,KG,Kilo,,Sem equivalente TACO confiavel,0,0,0,0,0,0,0,0,0
CREME DE LEITE 200g,23.45,KG,Kilo,447,Creme de Leite,1.0,221.48354127513312,4.509526639620461,1.5078066937128702,22.479333333333333,66.47566666666667,0,7.540666666666667,51.724
CREME DE RICOTA light 200g Tirolez,43.449999999999996,KG,Kilo,,Sem equivalente TACO confiavel,0,0,0,0,0,0,0,0,0
Creme de Ricota sem lactose150g,79.26666666666668,KG,Kilo,,Sem equivalente TACO confiavel,0,0,0,0,0,0,0,0,0
CURRY,19.9,KG,Kilo,,Sem equivalente TACO confiavel,0,0,0,0,0,0,0,0,0
DENTE DE LEÃO,110.0,KG,Kilo,,Sem equivalente TACO confiavel,0,0,0,0,0,0,0,0,0
Emulsificante 200g,63.949999999999996,KG,Kilo,,Sem equivalente TACO confiavel,0,0,0,0,0,0,0,0,0
ERVA DOCE,65.99999999999999,KG,Kilo,475,"Chá, erva-doce, infusão 5%",0.622,1.3970599738756386,0.3913333333333213,0.0,0.0,0.0,0,0.8809999999999999,0.6253333333333334
ERVAS FINAS,419.5,KG,Kilo,,Sem equivalente TACO confiavel,0,0,0,0,0,0,0,0,0
ERVILHA QUERO 170g,29.4,KG,Kilo,559,"Ervilha, em vagem",0.5128,88.09358199977854,14.227583333333328,7.4520833333333325,0.47100000000000003,0.0,0,41.75966666666667,0.0
ERVILHA 500g YOKI,29.96666666666667,KG,Kilo,559,"Ervilha, em vagem",0.4867,88.09358199977854,14.227583333333328,7.4520833333333325,0.47100000000000003,0.0,0,41.75966666666667,0.0
ESSÊNCIA PARA BOLO,200.0,KG,Kilo,14,"Bolo, mistura para",0.478,418.6333333333333,84.71391304347826,6.159420289855073,6.126666666666666,0.0,0,27.921999999999997,462.88
ESPINAFRE 350g,11.399999999999999,KG,Kilo,,Sem equivalente TACO confiavel,0,0,0,0,0,0,0,0,0
ESPINHEIRA SANTA,60.0,KG,Kilo,,Sem equivalente TACO confiavel,0,0,0,0,0,0,0,0,0
EXTRATO DE BAUNILHA (BOMBAY EXTRATO NATURAL DE BAUNILHA),26.0,KG,Kilo,,Sem equivalente TACO confiavel,0,0,0,0,0,0,0,0,0
EXTRATO DE TOMATE  ELEFANTE 300g,22.999999999999996,KG,Kilo,158,"Tomate, extrato",0.6389,60.93343365217388,14.95861739130434,2.4347826086956523,0.19,0.0,0,29.3266,497.93333333333334
FARELO DE AVEIA,11.0,KG,Kilo,48,"Pão, aveia, forma",0.4213,343.0853666666667,59.56666666666666,12.35,5.693333333333334,0.0,0,56.68033333333333,605.7629999999999
FARINHA DE AMENDOAS,89.0,KG,Kilo,123,"Farinha, de puba",0.4881,360.17977487993244,87.28533333333334,1.6166666666666667,0.46900000000000003,0.0,0,27.486666666666665,3.607666666666667
FARINHA DE ARROZ,10.0,KG,Kilo,31,"Farinha, de arroz, enriquecida",0.7705,363.0564801812235,85.50400004069012,1.2693332926432292,0.3,0.0,0,4.3,17.101666666666667
FARINHA DE AVEIA,11.399999999999999,KG,Kilo,123,"Farinha, de puba",0.5267,360.17977487993244,87.28533333333334,1.6166666666666667,0.46900000000000003,0.0,0,27.486666666666665,3.607666666666667
FARINHA DE CÔCO,54.4,KG,Kilo,34,"Farinha, de rosca",0.5267,370.5780966666666,75.78566666666666,11.380999619166056,1.4633333333333332,0.0,0,56.87966666666667,332.5
FARINHA DE GRAO DE BICO,18.0,KG,Kilo,575,"Grão-de-bico, cru",0.55,354.70287658909956,57.88416666666667,21.229166666666664,5.43,0.0,0,146.38700000000003,5.194
FARINHA DE MANDIOCA,11.7,KG,Kilo,121,"Farinha, de mandioca, crua",0.8103,360.8696985507246,87.89898550724637,1.5543478260869565,0.27666666666666667,0.0,0,37.0,1.0233333333333332
FARINHA DE ROSCA,12.79,KG,Kilo,34,"Farinha, de rosca",1.0,370.5780966666666,75.78566666666666,11.380999619166056,1.4633333333333332,0.0,0,56.87966666666667,332.5
FARINHA DE TRIGO BRANCA,6.48,KG,Kilo,35,"Farinha, de trigo",0.7933,360.4729785507247,75.09255072463769,9.79078260869565,1.366666666666667,0.0,0,31.00333333333333,0.7366666666666667
FARINHA DE TRIGO INTEGRAL,10.0,KG,Kilo,35,"Farinha, de trigo",0.7834,360.4729785507247,75.09255072463769,9.79078260869565,1.366666666666667,0.0,0,31.00333333333333,0.7366666666666667
FARINHA DE TRIGO INTEGRAL RENATA,8.6,KG,Kilo,35,"Farinha, de trigo",0.6262,360.4729785507247,75.09255072463769,9.79078260869565,1.366666666666667,0.0,0,31.00333333333333,0.7366666666666667
FARINHA DE TRIGO SERRACENO 500g,20.2,KG,Kilo,35,"Farinha, de trigo",0.7789,360.4729785507247,75.09255072463769,9.79078260869565,1.366666666666667,0.0,0,31.00333333333333,0.7366666666666667
FÉCULA DE BATATA,14.399999999999999,KG,Kilo,124,"Fécula, de mandioca",0.4881,330.85055833333337,81.14916666666667,0.5208333333333333,0.2833333333333334,0.0,0,3.017,2.449
FÉCULA DE MANDIOCA (POVILHO DOCÊ),12.9,KG,Kilo,124,"Fécula, de mandioca",1.0,330.85055833333337,81.14916666666667,0.5208333333333333,0.2833333333333334,0.0,0,3.017,2.449
FEIJAO BRANCO,18.999999999999996,KG,Kilo,125,"Feijão, broto, cru",0.4698,38.723236375411325,7.758333333333329,4.166666666666666,0.10266666666666667,0.0,0,25.126,1.7930000000000001
FEIJÃO CARIOCA,9.9,KG,Kilo,562,"Feijão, carioca, cru",0.8125,329.0267362318841,61.22144927536232,19.981884057971016,1.2566666666666666,0.0,0,209.9466666666667,0.0
FEIJAO fradinho,18.0,KG,Kilo,564,"Feijão, fradinho, cru",0.8141,339.16476666666665,61.24,20.208333333333336,2.365,0.0,0,178.39066666666668,10.313666666666668
FEIJAO PRETO,6.999999999999999,KG,Kilo,568,"Feijão, preto, cru",0.8086,323.5657115942029,58.75246376811595,21.344202898550723,1.24,0.0,0,188.10666666666665,0.0
FEIJÃO VERDE,29.900000000000002,KG,Kilo,568,"Feijão, preto, cru",0.4464,323.5657115942029,58.75246376811595,21.344202898550723,1.24,0.0,0,188.10666666666665,0.0
FEIJÃO VERMELHO DE CORDA,15.0,KG,Kilo,145,"Pimentão, vermelho, cru",0.4571,23.28136376811601,5.466811594202911,1.039855072463768,0.1466666666666667,0.0,0,11.13,0.0
FEJAO de corda,15.0,KG,Kilo,,Sem equivalente TACO confiavel,0,0,0,0,0,0,0,0,0
FERMENTO EM PÓ ROYAL,51.9,KG,Kilo,513,"Fermento em pó, químico",0.6111,89.72206665112176,43.91133334795634,0.4753333187103272,0.07333333333333333,0.0,0,0.0,10052.411333333333
FILÉ DE MERLUSA,49.800000000000004,KG,Kilo,,Sem equivalente TACO confiavel,0,0,0,0,0,0,0,0,0
Filé Mignon suino,24.0,KG,Kilo,,Sem equivalente TACO confiavel,0,0,0,0,0,0,0,0,0
Filé de Pintado,68.49,KG,Kilo,312,"Pintado, cru",0.471,91.08323333333333,0.0,18.55666666666667,1.3133333333333335,50.3,0,23.69666666666667,43.336666666666666
FILME PVC 38CM X 100MTS (REFIL) GUARUFILME,147.5,KG,Rolo,,Sem equivalente TACO confiavel,0,0,0,0,0,0,0,0,0
FLOCOS DE MILHO (CEREAL SEM AÇUCAR),27.999999999999996,KG,Kilo,503,Glicose de milho,0.5667,292.1184052991867,79.38,0.0,0.0,0.0,0,1.8953333333333333,58.92966666666666
FOLHA DE LOURO,2.8999999999999995,KG,Kilo,,Sem equivalente TACO confiavel,0,0,0,0,0,0,0,0,0
FOLHA DE MARACUJÁ,57.99999999999999,KG,Kilo,232,"Maracujá, cru",0.4744,68.43950869565214,12.264202898550717,1.9891304347826089,2.103333333333333,0.0,0,27.96666666666667,1.58
FORMINHA DE CUPCAKE DOURADA,24.0,KG,Pacote,,Sem equivalente TACO confiavel,0,0,0,0,0,0,0,0,0
Frango desfiado Vegano 350g (vegetariano e Vegano),26.97142857142857,KG,Kilo,400,"Frango, fígado, cru",0.4333,106.48456666666667,-0.02333333333333809,17.58666666666667,3.49,340.58,0,27.83,82.43333333333332
FRASCO PLAST PET C/TAMPA 300ML USICOMP C/10UNDS,12.35,KG,Pacote,,Sem equivalente TACO confiavel,0,0,0,0,0,0,0,0,0
FRUTAS VERMELHAS MIX 300g,18.0,KG,Kilo,,Sem equivalente TACO confiavel,0,0,0,0,0,0,0,0,0
FUBA ARTESANAL,11.899999999999999,KG,Kilo,,Sem equivalente TACO confiavel,0,0,0,0,0,0,0,0,0
FUBÁ MIMOSO YOKI 500g,11.399999999999999,KG,Kilo,,Sem equivalente TACO confiavel,0,0,0,0,0,0,0,0,0
GENGIBRE 185g,10.9,KG,Kilo,,Sem equivalente TACO confiavel,0,0,0,0,0,0,0,0,0
GERGELIM,33.75,KG,Kilo,593,"Gergelim, semente",0.6367,583.5467147545495,21.617665904998766,21.164667428334557,50.43266666666667,0.0,0,360.6886666666667,2.5749999999999997
GERME DE TRIGO,39.0,KG,Kilo,35,"Farinha, de trigo",0.4583,360.4729785507247,75.09255072463769,9.79078260869565,1.366666666666667,0.0,0,31.00333333333333,0.7366666666666667
GIRASSOL,35.0,KG,Kilo,269,"Óleo, de girassol",0.6576,884.0,0.0,0.0,100.0,0.0,0,0.0,0.0
GLÚTEM DE TRIGO (farinha de glútem),49.0,KG,Kilo,,Sem equivalente TACO confiavel,0,0,0,0,0,0,0,0,0
GOMA GUAR,44.0,KG,Kilo,,Sem equivalente TACO confiavel,0,0,0,0,0,0,0,0,0
GOMA XANTANA,165.0,KG,Kilo,,Sem equivalente TACO confiavel,0,0,0,0,0,0,0,0,0
GOTAS DE CHOCOLATE,50.0,KG,Kilo,495,"Chocolate, ao leite",0.4667,539.5866666666667,59.576666666666675,7.22,30.26666666666667,16.5175,0,57.1,77.1
GRANOLA TRADICIONAL (TEMOS VARIOS TIPOS),37.99999999999999,KG,Kilo,46,"Mingau tradicional, pó",0.475,373.4214666666667,89.33666666666667,0.5833333333333334,0.37,0.0,0,4.280666666666666,14.855333333333334
GRÃO DE BICO (8mm),18.0,KG,Kilo,575,"Grão-de-bico, cru",0.8,354.70287658909956,57.88416666666667,21.229166666666664,5.43,0.0,0,146.38700000000003,5.194
Grão de Bico Vegano 350g (vegana),36.74285714285714,KG,Kilo,575,"Grão-de-bico, cru",0.5948,354.70287658909956,57.88416666666667,21.229166666666664,5.43,0.0,0,146.38700000000003,5.194
HIBISCO,85.0,KG,Kilo,,Sem equivalente TACO confiavel,0,0,0,0,0,0,0,0,0
Hamburguer vegetariano 165g,14.114285714285716,KG,Kilo,415,"Hambúrguer, bovino, cru",0.4738,214.836,4.15375,13.15625,16.177333333333333,70.012,0,24.523,869.459
HORTELÃ  maço 50g,80.0,KG,Kilo,,Sem equivalente TACO confiavel,0,0,0,0,0,0,0,0,0
INHAME 155g,14.3,KG,Kilo,126,"Inhame, cru",0.655,96.69983188405796,23.23260869565217,2.0507246376811596,0.21333333333333335,0.0,0,28.763333333333332,0.0
IOGURTE DESNATADO NESTLE 160g,18.7,KG,Kilo,449,"Iogurte, natural, desnatado",0.5969,41.49271128155834,5.773953333333329,3.8343800687789917,0.3156666666666667,3.3316666666666666,0,11.983333333333334,59.644666666666666
IOGURTE NATURAL NESTLE 170g,17.599999999999998,KG,Kilo,448,"Iogurte, natural",0.7984,51.48953333333329,1.9166666666666603,4.0633333333333335,3.04,13.7775,0,11.253333333333332,51.61633333333333
JILÓ 62g,12.7,KG,Kilo,127,"Jiló, cru",0.6367,27.36514347826087,6.191159420289859,1.4021739130434783,0.22,0.0,0,20.62666666666667,0.0
KIT COPO 500ML G-850 C/TAMPA BOLHA GALVONETEK C/10UNDS,10.55,KG,Pacote,,Sem equivalente TACO confiavel,0,0,0,0,0,0,0,0,0
KIT POTE PP 500ML C/TAMPA TOTALPLAST KP-500 24UNDS,16.15,KG,Pacote,,Sem equivalente TACO confiavel,0,0,0,0,0,0,0,0,0
LACRE DE SEGURANÇA  BOA APETITE VERMELHO 2X7CM  500UNDS,20.85,KG,Rolo,,Sem equivalente TACO confiavel,0,0,0,0,0,0,0,0,0
Laranja,4.0,KG,kilo,482,"Refrigerante, tipo laranja",0.6041,45.62730000000003,11.79,0.0,0.0,0.0,0,1.2076666666666667,9.271666666666667
leite em Pó,5.0,KG,Kilo,523,"Leite, de coco",0.5556,166.16030161554647,2.1945999635060494,1.0140667031606039,18.364333333333335,0.0,0,16.825333333333333,44.294666666666664
Lascas de abóbora,11.9,KG,Kilo,,Sem equivalente TACO confiavel,0,0,0,0,0,0,0,0,0
LEITE EM PÓ MOLICO 260g,119.0,KG,Kilo,523,"Leite, de coco",0.445,166.16030161554647,2.1945999635060494,1.0140667031606039,18.364333333333335,0.0,0,16.825333333333333,44.294666666666664
LEITE EM PÓ PIRACANJUBA 400g,42.275,KG,Kilo,459,"Leite, de vaca, integral, pó",0.4619,496.6502999999999,39.18,25.42,26.903333333333336,85.25533333333333,0,77.42666666666666,323.2033333333333
LEITE INTEGRAL 1L,4.8999999999999995,KG,Kilo,20,"Canjica, com leite integral",0.7911,112.45677722046528,23.62773329099018,2.3606000423431395,1.2443333333333335,1.3506666666666665,0,5.838333333333334,27.58666666666667
LEITE SEM LACTOSE,80.0,KG,Kilo,523,"Leite, de coco",0.6367,166.16030161554647,2.1945999635060494,1.0140667031606039,18.364333333333335,0.0,0,16.825333333333333,44.294666666666664
LEITE SEM LACTOSE 1L PAULISTA,7.5,KG,Kilo,555,Virado à paulista,0.5115,306.94678645131984,14.10908333333333,10.18125,25.590666666666664,65.84266666666667,0,21.810333333333332,345.526
LEITE VEGETAL (SOJA) ADES 1L,8.0,KG,Kilo,460,"Leite, fermentado",0.4485,69.62147400000002,15.67447333333333,1.89486,0.09900000000000002,1.85166,0,6.2316666666666665,33.43066666666667
Leite Vegetais Amendoim 200ml,11.749999999999998,KG,Kilo,460,"Leite, fermentado",0.4327,69.62147400000002,15.67447333333333,1.89486,0.09900000000000002,1.85166,0,6.2316666666666665,33.43066666666667
"Leite Vegetais Aveia 1,500Kg",4.166666666666667,KG,Kilo,,Sem equivalente TACO confiavel,0,0,0,0,0,0,0,0,0
Leite de Gergelim 1Kg,8.8125,KG,Kilo,460,"Leite, fermentado",0.4667,69.62147400000002,15.67447333333333,1.89486,0.09900000000000002,1.85166,0,6.2316666666666665,33.43066666666667
Leite de Amêndoas 500ml,30.26,KG,Kilo,460,"Leite, fermentado",0.5333,69.62147400000002,15.67447333333333,1.89486,0.09900000000000002,1.85166,0,6.2316666666666665,33.43066666666667
Leite de Linhaça 250ml,1.52,KG,Kilo,454,"Leite, de cabra",0.5,66.41574188654329,5.246093333333333,3.0709067217508954,3.7543333333333333,13.991666666666665,0,9.798666666666668,73.947
"Leite de Semente de Abóbora 1,250Kg",12.4,KG,Kilo,460,"Leite, fermentado",0.4764,69.62147400000002,15.67447333333333,1.89486,0.09900000000000002,1.85166,0,6.2316666666666665,33.43066666666667
"Leite de Arroz 1,250Kg",1.28,KG,Kilo,454,"Leite, de cabra",0.5303,66.41574188654329,5.246093333333333,3.0709067217508954,3.7543333333333333,13.991666666666665,0,9.798666666666668,73.947
Leite de Castanha-do-Pará 620ml,12.016129032258064,KG,Kilo,496,"Chocolate, ao leite, com castanha do Pará",0.8592,558.8763333333334,55.37683333333334,7.4125,34.191,15.501333333333333,0,79.566,64.05
"Leite de Castanha de caju 1,150Kg",11.269565217391307,KG,Kilo,496,"Chocolate, ao leite, com castanha do Pará",0.5333,558.8763333333334,55.37683333333334,7.4125,34.191,15.501333333333333,0,79.566,64.05
Leite de Quinoa 330ml,3.1818181818181817,KG,Kilo,523,"Leite, de coco",0.4848,166.16030161554647,2.1945999635060494,1.0140667031606039,18.364333333333335,0.0,0,16.825333333333333,44.294666666666664
Leite de Inhame 700ml,4.914285714285715,KG,Kilo,454,"Leite, de cabra",0.471,66.41574188654329,5.246093333333333,3.0709067217508954,3.7543333333333333,13.991666666666665,0,9.798666666666668,73.947
Leite de Côco 450ml,4.288888888888889,KG,kilo,523,"Leite, de coco",1.0,166.16030161554647,2.1945999635060494,1.0140667031606039,18.364333333333335,0.0,0,16.825333333333333,44.294666666666664
LENTLHA (CANADENSE),24.5,KG,Kilo,,Sem equivalente TACO confiavel,0,0,0,0,0,0,0,0,0
LEVEDURA NUTRICIONAL 120g,39.8,KG,Kilo,,Sem equivalente TACO confiavel,0,0,0,0,0,0,0,0,0
Lemon Pepper 45g,177.77777777777777,KG,Kilo,,Sem equivalente TACO confiavel,0,0,0,0,0,0,0,0,0
LIMÃO CICILIANO 500g,19.2,KG,Kilo,,Sem equivalente TACO confiavel,0,0,0,0,0,0,0,0,0
LIMÃO TAHITI 120g,9.0,KG,Kilo,220,"Limão, tahiti, cru",0.8086,31.818153430163903,11.084416666666677,0.9395833333333332,0.14,0.0,0,9.696,1.2483333333333333
LINHAÇA DOURADA,30.0,KG,Kilo,594,"Linhaça, semente",0.4333,495.09611384365076,43.31219949315389,14.083867173512777,32.25293333333334,0.0,0,346.92233333333337,8.673333333333334
LINHAÇA MARROM,26.0,KG,Kilo,594,"Linhaça, semente",0.477,495.09611384365076,43.31219949315389,14.083867173512777,32.25293333333334,0.0,0,346.92233333333337,8.673333333333334
LOMBO SUINO,29.9,KG,Kilo,,Sem equivalente TACO confiavel,0,0,0,0,0,0,0,0,0
MAÇA VERDE GRANSMITH 391g,19.99,KG,Kilo,,Sem equivalente TACO confiavel,0,0,0,0,0,0,0,0,0
MAÇÃ VERMELHA FUJI 230g,12.9,KG,Kilo,222,"Maçã, Fuji, com casca, crua",0.4368,55.51520000000005,15.153333333333341,0.2866666666666667,0.0,0.0,0,2.04,0.0
MACARRÃO INTEGRAL 500g GALO PARAFUSO E ESPAGUETE Nº8,11.799999999999999,KG,Kilo,,Sem equivalente TACO confiavel,0,0,0,0,0,0,0,0,0
MACARRAO PENE COMUM 500g,7.8,KG,Kilo,39,"Macarrão, instantâneo",0.4327,435.8647805333334,62.431653333333344,8.79168,17.236666666666668,0.0,0,19.366666666666664,1515.5266666666666
MACARRÃO SEM GLUTEM 500g PARAFUSO E PENNE,13.6,KG,Kilo,,Sem equivalente TACO confiavel,0,0,0,0,0,0,0,0,0
Maionese de Bio Massa 440g,9.899999999999999,KG,Kilo,,Sem equivalente TACO confiavel,0,0,0,0,0,0,0,0,0
MAISENA 500g,25.4,KG,Kilo,8,"Biscoito, doce, maisena",0.47,442.8193901449275,75.23414492753622,8.072521739130433,11.966666666666669,0.0,0,37.14333333333333,352.02666666666664
MAMÃO PAPAYA 300g,14.899999999999999,KG,Kilo,226,"Mamão, Papaia, cru",0.5179,40.156768942296566,10.439750000000016,0.45625,0.12433333333333334,0.0,0,22.176,1.6303333333333334
Maminha bovina,46.0,KG,Kilo,367,"Carne, bovina, maminha, crua",0.4915,152.76586666666665,0.0,20.933333333333334,7.026666666666666,50.8,0,15.656666666666666,37.416666666666664
MANDIOQUINHA 150g,8.99,KG,Kilo,,Sem equivalente TACO confiavel,0,0,0,0,0,0,0,0,0
MANDIOCA,10.99,KG,Kilo,130,"Mandioca, crua",0.6576,151.4169565217391,36.16956521739131,1.1304347826086958,0.3,0.0,0,44.49666666666667,2.15
MANGA TOMY 567g,9.0,KG,Kilo,,Sem equivalente TACO confiavel,0,0,0,0,0,0,0,0,0
MANJERICÃO maço 50g,120.0,KG,Kilo,133,"Manjericão, cru",0.5805,21.14767681159422,3.6444927536231915,1.985507246376812,0.39333333333333337,0.0,0,57.81333333333333,3.8866666666666667
MANTEIGA AVIAÇÃO 200g,74.89999999999999,KG,Kilo,261,"Manteiga, com sal",0.5238,725.9689268459988,0.0632999925613329,0.4147000074386597,82.361,200.55,0,1.4673333333333334,578.6946666666668
MANTEIGA DE CÔCO COPRA 200ML,134.49999999999997,KG,Kilo,261,"Manteiga, com sal",0.4476,725.9689268459988,0.0632999925613329,0.4147000074386597,82.361,200.55,0,1.4673333333333334,578.6946666666668
MARACUJÁ azedo 433g,10.9,KG,Kilo,232,"Maracujá, cru",0.5128,68.43950869565214,12.264202898550717,1.9891304347826089,2.103333333333333,0.0,0,27.96666666666667,1.58
MASSA DE LASANHA INTEGRAL 200g,6.5,KG,Kilo,38,"Lasanha, massa fresca, crua",0.434,220.3056666666667,45.05833333333334,7.008333333333333,1.3376666666666666,0.0,0,12.591666666666667,666.7103333333333
MEL ABV 500g,65.99999999999999,KG,Kilo,507,"Mel, de abelha",0.5196,309.24266666666665,84.03333333333333,0.0,0.0,0.0,0,5.511333333333333,6.04
MELADO DE CANA 250g,62.0,KG,Kilo,508,Melado,0.6453,296.5064912319183,76.61666666666666,0.0,0.0,0.0,0,115.13666666666666,4.01
"MELANCIA 1,130kg",5.999999999999999,KG,Kilo,235,"Melancia, crua",0.6576,32.60662608695646,8.139275362318838,0.8840579710144928,0.0,0.0,0,9.63,0.0
MELÃO 1250kg,9.0,KG,Kilo,236,"Melão, cru",0.6471,29.369391304347808,7.525797101449274,0.6775362318840581,0.0,0.0,0,5.95,11.166666666666666
MEXERICA POKAN 268g,5.0,KG,Kilo,238,"Mexerica, Rio, crua",0.4798,36.871350000000064,9.337000000000014,0.65,0.12833333333333333,0.0,0,8.212,1.8239999999999998
"MILHO quero 1,700kg",33.9,KG,Kilo,43,"Milho, fubá, cru",0.445,353.482268115942,78.87289855072463,7.213768115942029,1.9033333333333333,0.0,0,41.23,0.0
MILHO VERDE ESPIGA 700g,12.799999999999999,KG,Kilo,44,"Milho, verde, cru",0.6136,138.166565,28.555749999999996,6.589583333333334,0.609,0.0,0,32.575,1.1156666666666666
MOLHO DE SOJA 200ml,70.0,KG,Kilo,272,"Óleo, de soja",0.5877,884.0,0.0,0.0,100.0,0.0,0,0.0,0.0
MOLHO DE SOJA FIT 160ml,159.0,KG,Kilo,272,"Óleo, de soja",0.4728,884.0,0.0,0.0,100.0,0.0,0,0.0,0.0
MOLHO DE TOMATE fugini,5.3,KG,Kilo,159,"Tomate, molho industrializado",0.4836,38.446549460490566,7.711666666666678,1.375,0.9033333333333333,0.0,0,16.789333333333335,418.2806666666667
MOLHO SHOYU DE CÔCO,115.6,KG,Kilo,518,Shoyu,0.4648,60.92774987538659,11.6475,3.3125,0.32666666666666666,0.0,0,23.627,5024.208333333333
"Molho Vegano Picante ( sem glútem, sem leite , sem lactose e Vegano)156g",32.12788221753309,KG,Kilo,,Sem equivalente TACO confiavel,0,0,0,0,0,0,0,0,0
MORANGO 250g,32.0,KG,Kilo,239,"Morango, cru",0.6611,30.147917391304354,6.818405797101459,0.8949275362318839,0.31,0.0,0,9.673333333333334,0.0
MOSTARDA QUERO 190g,27.9,KG,Kilo,135,"Mostarda, folha, crua",0.428,18.107389052172486,3.2365833333333267,2.110416666666667,0.16766666666666666,0.0,0,15.618333333333332,2.8793333333333337
MULUNGU,55.0,KG,Kilo,,Sem equivalente TACO confiavel,0,0,0,0,0,0,0,0,0
MÚSCULO,35.9,KG,Kilo,,Sem equivalente TACO confiavel,0,0,0,0,0,0,0,0,0
NOZ MOSCADA (EM GRÃO),24.95,KG,Kilo,,Sem equivalente TACO confiavel,0,0,0,0,0,0,0,0,0
NOZES QUARTILHO (QUEBRADINHA),45.0,KG,Kilo,,Sem equivalente TACO confiavel,0,0,0,0,0,0,0,0,0
OLEO DE COCO 200ml EXTRAVIRGEM COPRA,105.0,KG,Kilo,,Sem equivalente TACO confiavel,0,0,0,0,0,0,0,0,0
OLEO DE COCO copra 200ml,105.0,KG,Kilo,268,"Óleo, de canola",0.4327,884.0,0.0,0.0,100.0,0.0,0,0.0,0.0
OLEO DE GERGELIN 250ml,33.26,KG,Kilo,269,"Óleo, de girassol",0.4744,884.0,0.0,0.0,100.0,0.0,0,0.0,0.0
OLEO de soja liza 900ml,5.799999999999999,KG,Kilo,272,"Óleo, de soja",0.7922,884.0,0.0,0.0,100.0,0.0,0,0.0,0.0
OREGANO EGÍPICIO,29.900000000000002,KG,Kilo,,Sem equivalente TACO confiavel,0,0,0,0,0,0,0,0,0
OVOS,8.299999999999999,KG,Kilo,524,"Maionese, tradicional com ovos",0.4207,302.1526776878237,7.899749999999999,0.58125,30.497666666666664,42.467333333333336,0,0.8553333333333333,786.8273333333333
PAINÇO (SEM CASCA),27.0,KG,Kilo,,Sem equivalente TACO confiavel,0,0,0,0,0,0,0,0,0
PALETA BOVINA,34.9,KG,Kilo,,Sem equivalente TACO confiavel,0,0,0,0,0,0,0,0,0
PALMITO PUPUNHA RODELA 300g,38.3,KG,Kilo,139,"Palmito, pupunha, em conserva",0.6413,29.43196333333332,5.508999999999997,2.4583333333333335,0.45,0.0,0,25.492333333333335,562.6853333333332
PALMITO rodela 300g,43.3,KG,Kilo,138,"Palmito, juçara, em conserva",0.4493,23.199716434081346,4.328333333333326,1.7916666666666667,0.4033333333333333,0.0,0,33.702666666666666,513.8203333333332
PANCETA (BARRIGA DE PORCO),34.9,KG,Kilo,,Sem equivalente TACO confiavel,0,0,0,0,0,0,0,0,0
PAPEL TOALHA PICCOLA (FL DUPLA) C/02 ROLOS DE 100 FOLHAS,24.65,KG,Rolo,,Sem equivalente TACO confiavel,0,0,0,0,0,0,0,0,0
"Pasta de Alho sem sal 1,150Kg",48.3,KG,kilo,,Sem equivalente TACO confiavel,0,0,0,0,0,0,0,0,0
páprica doce,32.0,KG,Kilo,,Sem equivalente TACO confiavel,0,0,0,0,0,0,0,0,0
PÁPRICA DEFUMADA,22.9,KG,Kilo,,Sem equivalente TACO confiavel,0,0,0,0,0,0,0,0,0
PÁPRICA NORMAL,20.0,KG,Kilo,,Sem equivalente TACO confiavel,0,0,0,0,0,0,0,0,0
PÁPRICA PICANTE,18.999999999999996,KG,Kilo,,Sem equivalente TACO confiavel,0,0,0,0,0,0,0,0,0
PASTA DE AMENDOIM INTEGRAL 1Kg GRÃO E CEREIAIS,26.0,KG,Kilo,557,"Amendoim, grão, cru",0.463,544.0526557994334,20.313533333333336,27.190800189971927,43.85,0.0,0,170.511,0.0
Pasta de Pimenta Vermelha Gota Picante Maratá 200g,8.0,KG,Kilo,,Sem equivalente TACO confiavel,0,0,0,0,0,0,0,0,0
"PASTA DE TOMATE CONCENTRADA 2,005kg",15.943308395677477,KG,Kilo,,Sem equivalente TACO confiavel,0,0,0,0,0,0,0,0,0
PATINHO (CARNE MOIDA),44.9,KG,Kilo,,Sem equivalente TACO confiavel,0,0,0,0,0,0,0,0,0
PEITO DE FRANGO SEM OSSO E SEM PELE,21.99,KG,Kilo,407,"Frango, peito, com pele, cru",0.6023,149.46526666666665,0.0,20.78,6.733333333333333,79.933,0,28.29,62.31333333333333
PEITO DE PERU,49.9,KG,Kilo,407,"Frango, peito, com pele, cru",0.4226,149.46526666666665,0.0,20.78,6.733333333333333,79.933,0,28.29,62.31333333333333
PEPINO COMUM 402g,7.93,KG,Kilo,142,"Pepino, cru",0.5758,9.533691304347819,2.037101449275353,0.8695652173913043,0.0,0.0,0,9.34,0.0
PÊRA WILLIANS 240g,14.899999999999999,KG,Kilo,243,"Pêra, Williams, crua",0.5121,53.309047826086925,14.02478260869564,0.5652173913043479,0.11,0.0,0,5.78,0.0
PERNIL COM OSSO TRASEIRO,12.99,KG,Kilo,,Sem equivalente TACO confiavel,0,0,0,0,0,0,0,0,0
PÊSSEGO NACIONAL,27.999999999999996,KG,Kilo,245,"Pêssego, enlatado, em calda",0.4671,63.142434782608696,16.880144927536232,0.7065217391304348,0.0,0.0,0,4.038333333333333,3.201
Picanha Suina,37.0,KG,Kilo,,Sem equivalente TACO confiavel,0,0,0,0,0,0,0,0,0
PIMENTA BIQUINHO AMARELA EM CONSERVA 350g duro de achar,200.0,KG,Kilo,,Sem equivalente TACO confiavel,0,0,0,0,0,0,0,0,0
PIMENTA BIQUINHO VERMELHA EM COSERVA 309g,50.0,KG,Kilo,,Sem equivalente TACO confiavel,0,0,0,0,0,0,0,0,0
PIMENTA CALABREZA,45.0,KG,Kilo,,Sem equivalente TACO confiavel,0,0,0,0,0,0,0,0,0
PIMENTA DE CHEIRO,22.0,KG,Kilo,,Sem equivalente TACO confiavel,0,0,0,0,0,0,0,0,0
PIMENTA DEDO DE MOÇA 200G,35.0,KG,Kilo,,Sem equivalente TACO confiavel,0,0,0,0,0,0,0,0,0
PIMENTA PRETA,45.0,KG,Kilo,,Sem equivalente TACO confiavel,0,0,0,0,0,0,0,0,0
PIMENTA BRANCA 110g,163.0,KG,Kilo,,Sem equivalente TACO confiavel,0,0,0,0,0,0,0,0,0
PIMENTÃO AMARELO 288G,24.900000000000002,KG,Kilo,,Sem equivalente TACO confiavel,0,0,0,0,0,0,0,0,0
PIMENTÃO VERDE 227g,6.99,KG,Kilo,,Sem equivalente TACO confiavel,0,0,0,0,0,0,0,0,0
PIMENTÃO VERMELHO 464g,24.900000000000002,KG,Kilo,,Sem equivalente TACO confiavel,0,0,0,0,0,0,0,0,0
"PÓ DE ÁGAR-ÁGAR (IMPORTADO,É O QUE FAZ GELATINA)",240.0,KG,Kilo,,Sem equivalente TACO confiavel,0,0,0,0,0,0,0,0,0
POLVILHO DOCE,12.9,KG,Kilo,146,"Polvilho, doce",1.0,351.2267333333333,86.77333333333333,0.43,0.0,0.0,0,4.1,1.5766666666666669
Prato de bolo nº 7,4.0,KG,unidade,,Sem equivalente TACO confiavel,0,0,0,0,0,0,0,0,0
PROTEINA EM PÓ  SABOR CHOCOLATE (WHEY) 450g,310.0,KG,Kilo,,Sem equivalente TACO confiavel,0,0,0,0,0,0,0,0,0
Proteína de soja Natural em pedaços 300g,19.0,KG,Kilo,,Sem equivalente TACO confiavel,0,0,0,0,0,0,0,0,0
Purê de abobora cabotia e batata inglesa 350g (vegana),8.742857142857144,KG,Kilo,92,"Batata, inglesa, crua",0.4259,64.3702260869565,14.688260869565212,1.7717391304347823,0.0,0.0,0,14.58,0.0
"Purê de casadinho de Batata inglesa com batata docê 2,500Kg",5.3284,KG,Kilo,94,"Batata, inglesa, sauté",0.4617,67.88793615063032,14.093000000000005,1.2916666666666667,0.8963333333333333,0.0,0,6.456333333333333,8.182
"Purê de Mandioca 2,000Kg",10.006124999999999,KG,Kilo,124,"Fécula, de mandioca",0.5238,330.85055833333337,81.14916666666667,0.5208333333333333,0.2833333333333334,0.0,0,3.017,2.449
PSYLLIUM,99.0,KG,Kilo,,Sem equivalente TACO confiavel,0,0,0,0,0,0,0,0,0
QUEIJO BRANCO frescal,44.4,KG,Kilo,461,"Queijo, minas, frescal",0.6402,264.27312799999993,3.240313333333333,17.411020000000004,20.180666666666667,61.99633333333333,0,6.883666666666667,31.226333333333333
QUEIJO BRIE,119.9,KG,Kilo,469,"Queijo, ricota",0.5417,139.73177999999996,3.7861666666666673,12.6005,8.108666666666666,48.70333333333334,0,11.808666666666667,282.579
QUEIJO COALHO,62.9,KG,Kilo,469,"Queijo, ricota",0.5513,139.73177999999996,3.7861666666666673,12.6005,8.108666666666666,48.70333333333334,0,11.808666666666667,282.579
QUEIJO COTTAGE,71.9,KG,Kilo,469,"Queijo, ricota",0.5741,139.73177999999996,3.7861666666666673,12.6005,8.108666666666666,48.70333333333334,0,11.808666666666667,282.579
Queijo Minas Padrao Lacfree Sem Lactose 400g,99.89999999999999,KG,Kilo,461,"Queijo, minas, frescal",0.609,264.27312799999993,3.240313333333333,17.411020000000004,20.180666666666667,61.99633333333333,0,6.883666666666667,31.226333333333333
QUEIJO MUSSARELA DE BUFULA 400g,105.0,KG,Kilo,463,"Queijo, mozarela",0.4764,329.8707184208871,3.0493329270680736,22.64900040626526,25.183000000000003,79.579,0,23.573666666666668,581.357
QUEIJO MUSSARELA pedaço,55.0,KG,Kilo,463,"Queijo, mozarela",0.6,329.8707184208871,3.0493329270680736,22.64900040626526,25.183000000000003,79.579,0,23.573666666666668,581.357
QUEIJO PARMESÃO,139.79999999999998,KG,Kilo,464,"Queijo, parmesão",1.0,452.9637553333333,1.6607199999999995,35.55361333333333,33.529333333333334,105.844,0,33.367333333333335,1844.0810000000001
QUEIJO RICOTA,27.9,KG,Kilo,469,"Queijo, ricota",1.0,139.73177999999996,3.7861666666666673,12.6005,8.108666666666666,48.70333333333334,0,11.808666666666667,282.579
QUEIJO TOFU (SOJA),57.0,KG,Kilo,467,"Queijo, prato",0.558,359.88046240505474,1.8785729268391926,22.661760406494142,29.106333333333335,90.90233333333333,0,28.273666666666667,579.774
QUIABO 300g,30.0,KG,Kilo,147,"Quiabo, cru",0.655,29.939262150069077,6.373916666666666,1.91875,0.299,0.0,0,49.969,0.891
QUINOA EM GRÃO,28.15,KG,Kilo,,Sem equivalente TACO confiavel,0,0,0,0,0,0,0,0,0
QUINOA FLOCOS,39.0,KG,Kilo,7,"Aveia, flocos, crua",0.425,393.82268944927546,66.63564057971016,13.921026086956523,8.496666666666666,0.0,0,118.76233333333333,4.626666666666667
RABANETE ORGANICO 500g,19.599999999999998,KG,Kilo,148,"Rabanete, cru",0.666,13.738126086956488,2.7253623188405807,1.391304347826087,0.07333333333333335,0.0,0,9.613333333333332,10.993333333333334
RASPA DE CASCA DE LARANJA,2.0,KG,Kilo,,Sem equivalente TACO confiavel,0,0,0,0,0,0,0,0,0
RASPA DE CASCA DE LIMÃO,2.0,KG,Kilo,,Sem equivalente TACO confiavel,0,0,0,0,0,0,0,0,0
RASPA DE CÔCO,9.0,KG,Kilo,,Sem equivalente TACO confiavel,0,0,0,0,0,0,0,0,0
Refogado de proteína de soja ao molho 350g (vegana),23.000000000000004,KG,Kilo,,Sem equivalente TACO confiavel,0,0,0,0,0,0,0,0,0
Refogado de proteína de soja com cheiro verde 350g (vegana),20.742857142857144,KG,Kilo,,Sem equivalente TACO confiavel,0,0,0,0,0,0,0,0,0
"REPOLHO ROXO 1,236kg",6.999999999999999,KG,Kilo,150,"Repolho, roxo, cru",0.8086,30.907502954324087,7.204000000000001,1.908333333333333,0.06366666666666666,0.0,0,18.024333333333335,2.337666666666667
"REPOLHO VERDE 1,460kg",6.99,KG,Kilo,29,"Curau, milho verde",0.4583,78.43381831365585,13.944399957656858,2.3606000423431395,1.6369999999999998,4.742,0,15.961333333333334,20.512
REQUEIJÃO LIGHT catupiry 200ml,59.949999999999996,KG,Kilo,,Sem equivalente TACO confiavel,0,0,0,0,0,0,0,0,0
RUCULA ORGANICA 200g,35.8,KG,Kilo,152,"Rúcula, crua",0.6453,13.133256607294062,2.2196666666666607,1.7666666666666664,0.10733333333333334,0.0,0,17.790666666666667,9.418
SACHE AZEITE 4ml,68.14,KG,Caixa,,Sem equivalente TACO confiavel,0,0,0,0,0,0,0,0,0
"SACHE SAL 0,8g",32.03,KG,Caixa,261,"Manteiga, com sal",0.4524,725.9689268459988,0.0632999925613329,0.4147000074386597,82.361,200.55,0,1.4673333333333334,578.6946666666668
SACHE VINAGRE TINTO 5ML,17.75,KG,Caixa,,Sem equivalente TACO confiavel,0,0,0,0,0,0,0,0,0
SACO DELIVERY LOGO VERMELHO 34X31X19CM SEM ALÇA C/50UNDS,58.89,KG,Pacote,,Sem equivalente TACO confiavel,0,0,0,0,0,0,0,0,0
SAL,2.1999999999999997,KG,Kilo,517,"Sal, grosso",0.5915,0.0,0.0,0.0,0.0,0.0,0,0.0,39943.203
SAL MARINHO,35.0,KG,Kilo,517,"Sal, grosso",0.4524,0.0,0.0,0.0,0.0,0.0,0,0.0,39943.203
SALMÃO,109.96,KG,Kilo,,Sem equivalente TACO confiavel,0,0,0,0,0,0,0,0,0
SALSÃO 500g,14.399999999999999,KG,Kilo,,Sem equivalente TACO confiavel,0,0,0,0,0,0,0,0,0
SALSINHA 150g,22.5,KG,Kilo,,Sem equivalente TACO confiavel,0,0,0,0,0,0,0,0,0
SALVIA,65.0,KG,Kilo,,Sem equivalente TACO confiavel,0,0,0,0,0,0,0,0,0
Seleta Vegana 350g (vegana),14.000000000000002,KG,Kilo,154,"Seleta de legumes, enlatada",0.4306,56.533772463768145,12.669710144927544,3.4202898550724634,0.35333333333333333,0.0,0,15.613333333333335,398.1366666666666
SEMENTE DE ABÓBORA TORRADA,60.0,KG,Kilo,,Sem equivalente TACO confiavel,0,0,0,0,0,0,0,0,0
SEMENTE DE GIRASSOL,20.499999999999996,KG,Kilo,269,"Óleo, de girassol",0.5115,884.0,0.0,0.0,100.0,0.0,0,0.0,0.0
SEMENTE DE MOSTARDA,12.0,KG,Kilo,,Sem equivalente TACO confiavel,0,0,0,0,0,0,0,0,0
SEMENTE DE MOSTARDA PRETA,5.19,KG,Kilo,,Sem equivalente TACO confiavel,0,0,0,0,0,0,0,0,0
SOBRE COXA,13.99,KG,Kilo,,Sem equivalente TACO confiavel,0,0,0,0,0,0,0,0,0
SOJA (PROTEINA DE SOJA),22.0,KG,Kilo,49,"Pão, de soja",0.6367,308.7263233333333,56.510333333333335,11.343,3.58,0.0,0,48.31833333333333,662.5413333333333
TAPIOCA,12.799999999999999,KG,Kilo,551,"Tapioca, com manteiga",0.6239,347.8265562578241,63.59175,0.08958333333333332,10.908333333333333,31.19033333333333,0,3.218,157.52433333333335
TAPIOCA LOPES 1Kg,13.999999999999998,KG,Kilo,551,"Tapioca, com manteiga",0.477,347.8265562578241,63.59175,0.08958333333333332,10.908333333333333,31.19033333333333,0,3.218,157.52433333333335
TILAPIA,62.300000000000004,KG,Kilo,,Sem equivalente TACO confiavel,0,0,0,0,0,0,0,0,0
TEMPERO A GOSTO,80.0,KG,Kilo,,Sem equivalente TACO confiavel,0,0,0,0,0,0,0,0,0
TOMATE CARMEM 330g,11.99,KG,Kilo,160,"Tomate, purê",0.5417,27.93687971014494,6.894347826086953,1.36231884057971,0.0,0.0,0,15.436666666666667,103.93
TOMATE CEREJA 280g,27.72,KG,Kilo,160,"Tomate, purê",0.5417,27.93687971014494,6.894347826086953,1.36231884057971,0.0,0.0,0,15.436666666666667,103.93
TOMILHO,45.0,KG,Kilo,,Sem equivalente TACO confiavel,0,0,0,0,0,0,0,0,0
TORRADA INTEGRAL,29.900000000000002,KG,Kilo,458,"Leite, de vaca, integral",0.4679,0.0,0.0,0.0,0.0,10.49,0,9.636666666666668,63.76
TOUCINHO,11.9,KG,Kilo,444,"Toucinho, cru",0.666,592.5311749999998,0.0,11.479166666666666,60.25666666666666,73.08366666666667,0,3.568,49.586666666666666
TRIGO PARA KIBE,22.0,KG,Kilo,,Sem equivalente TACO confiavel,0,0,0,0,0,0,0,0,0
UVA PASSA AMARELA SEM SEMENTE 200g,54.5,KG,Kilo,,Sem equivalente TACO confiavel,0,0,0,0,0,0,0,0,0
UVA PASSAS PRETA SEM SEMENTE 200g,31.0,KG,Kilo,,Sem equivalente TACO confiavel,0,0,0,0,0,0,0,0,0
UVA PASSAS SEM SEMENTE (flame),28.5,KG,Kilo,594,"Linhaça, semente",0.428,495.09611384365076,43.31219949315389,14.083867173512777,32.25293333333334,0.0,0,346.92233333333337,8.673333333333334
UVA PRETA SEM SEMENTE 500g RUBI,19.799999999999997,KG,Kilo,257,"Uva, Rubi, crua",0.4286,49.061289999999964,12.69533333333333,0.6083333333333333,0.157,0.0,0,5.827333333333333,7.919
UVA VERDE SEM SEMENTE 500g ITALIA,25.8,KG,Kilo,256,"Uva, Itália, crua",0.4564,52.873100000000065,13.573333333333345,0.7463768115942029,0.20333333333333334,0.0,0,4.983333333333333,0.0
VAGEM 206g,18.9,KG,Kilo,162,"Vagem, crua",0.6367,24.898357971014487,5.347101449275358,1.786231884057971,0.17333333333333334,0.0,0,17.833333333333332,0.0
VINAGRE BALSAMICO 500ml,19.799999999999997,L,Litro,,Sem equivalente TACO confiavel,0,0,0,0,0,0,0,0,0
VINAGRE DE LIMÃO 750ml,5.1,L,Litro,483,"Refrigerante, tipo limão",0.457,39.71910000000001,10.263333333333335,0.0,0.0,0.0,0,0.531,8.803333333333335
VINAGRE DE MAÇÃ 750ml,6.7,L,Litro,,Sem equivalente TACO confiavel,0,0,0,0,0,0,0,0,0
VINHO TINTO 750ml,6.6,L,Litro,,Sem equivalente TACO confiavel,0,0,0,0,0,0,0,0,0
VINHO BRANCO SECO 750ml,13.2,L,Litro,,Sem equivalente TACO confiavel,0,0,0,0,0,0,0,0,0
